smiles,group_0,top1_0,top2_0,group_1,top1_1,top2_1,group_2,top1_2,top2_2
C(#N)[S-].[NH4+],0,Odorless,odorless,22,Odorless,odorless,23,Odorless,odorless
C(=O)(O)O.[Mg+2],0,Odorless,odorless,22,Odorless,odorless,23,Odorless,odorless
C(C(C(=O)[O-])O)C(=O)[O-].[Na+].[Na+],0,Odorless,odorless,22,Odorless,odorless,23,Odorless,odorless
C(C(CO)(CO)[N+](=O)[O-])O,0,Odorless,odorless,22,Odorless,odorless,23,Odorless,odorless
C(C(COP(=O)([O-])[O-])O)O.C(C(COP(=O)([O-])[O-])O)O.C(C(COP(=O)([O-])[O-])O)O.[Fe+3].[Fe+3],0,Odorless,odorless,22,Odorless,odorless,23,Odorless,odorless
C([C@@H]([C@@H]1C(=C(C(=O)O1)O)[O-])O)O.[Na+],0,Odorless,odorless,22,Odorless,odorless,23,Odorless,odorless
C1=CC=C2C(=C1)C=NN=C2NN,0,Odorless,odorless,22,Odorless,odorless,23,Odorless,odorless
CC(=O)NC1=CC=CC=C1,0,Odorless,odorless,22,Odorless,odorless,23,Odorless,odorless
CC(=O)CC(C1=CC=CC=C1)C2=C(C3=CC=CC=C3OC2=O)O,0,Odorless,odorless,22,Odorless,odorless,23,Odorless,odorless
CC(=O)[C@H]1CC[C@@H]2[C@@]1(CC[C@@H]3[C@H]2C=CC4=CC(=O)CC[C@@]34C)C,0,Odorless,odorless,22,Odorless,odorless,23,Odorless,odorless
CC1CC(=O)C=C(C12C(=O)C3=C(O2)C(=C(C=C3OC)OC)Cl)OC,0,Odorless,odorless,22,Odorless,odorless,23,Odorless,odorless
CO[C@H]1[C@@H](C[C@@H]2CN3CCC4=C([C@H]3C[C@@H]2[C@@H]1C(=O)OC)NC5=C4C=CC(=C5)OC)OC(=O)C6=CC(=C(C(=C6)OC)OC)OC.C1=CC=C2C(=C1)C=NN=C2NN,0,Odorless,odorless,22,Odorless,odorless,23,Odorless,odorless
C[N+]1([C@@H]2CC(C[C@H]1[C@H]3[C@@H]2O3)OC(=O)[C@H](CO)C4=CC=CC=C4)C.[Br-],0,Odorless,odorless,22,Odorless,odorless,23,Odorless,odorless
P,0,Odorless,odorless,22,Odorless,odorless,23,Odorless,odorless
CN(C)C1=CC=C(C=C1)N=NS(=O)(=O)[O-].[Na+],0,Odorless,odorless,22,Odorless,odorless,23,Odorless,odorless
CCCCCCCCCCCCCC(=O)OCCCCCC,0,Odorless,odorless,22,Odorless,odorless,23,Odorless,odorless
[OH-].[O-][Cr](=O)(=O)[O-].[O-][Cr](=O)(=O)[O-].[K+].[Zn+2].[Zn+2],0,Odorless,odorless,22,Odorless,odorless,23,Odorless,odorless
CCC(=O)C1=NC(=CS1)C,1,fruity,green,10,green,fruity,45,green,fruity
CCCC1=NC(=C(S1)CC)CC,1,fruity,green,10,green,fruity,45,green,fruity
CCCCCC=C(C)C=O,1,fruity,green,10,green,fruity,45,green,fruity
CCC=CCCCO,1,fruity,green,10,green,fruity,45,green,fruity
CCCCC=COC(=O)C=CCCC,1,fruity,green,16,apple,fruity,0,apple,fruity
CCCC#CCCC(=O)OC,1,fruity,green,10,green,fruity,45,green,fruity
C/C=C(/C)\C=O,1,fruity,green,10,green,fruity,45,green,fruity
CC(C)CCCC(=O)OCC(C)C,1,fruity,green,10,green,fruity,45,green,fruity
C[C@H](CCC1=CC=CC=C1)OC(=O)C,1,fruity,green,10,green,fruity,45,green,fruity
CCCCCC(=O)OCC(C)OC(=O)CCCCC,1,fruity,green,10,green,fruity,45,green,fruity
C1=CC=C(C=C1)C(COC=O)OC=O,1,fruity,green,10,green,fruity,45,green,fruity
CC(=CCC/C(=C/COC(=O)C1=CC=CC=C1O)/C)C,2,balsamic,floral,20,rose,floral,15,rose,floral
C1=CC=C(C=C1)C=CC(=O)OC2=CC=CC=C2,2,balsamic,floral,21,balsamic,floral,38,balsamic,floral
C1=CC=C(C=C1)COCC2=CC=CC=C2.C1=CC=C2C=C(C=CC2=C1)O,2,balsamic,floral,21,balsamic,floral,38,balsamic,floral
CC(C)COC(=O)C1=CC2=C(C=C1)OCO2,2,balsamic,floral,21,balsamic,floral,38,balsamic,floral
CCC1(CCC(=O)O1)CC2=CC=CC=C2,2,balsamic,floral,29,balsamic,Balsamic,18,balsamic,Balsamic
CC1=CC[C@H](CC1)C(C)(C)OC(=O)/C=C/C2=CC=CC=C2,2,balsamic,floral,21,balsamic,floral,38,balsamic,floral
CC1(CCC(CC1O)C(C)(CO)O)O,2,balsamic,floral,21,balsamic,floral,38,balsamic,floral
CC(COC(=O)CC1=CC=CC=C1)O,2,balsamic,floral,29,balsamic,Balsamic,18,balsamic,Balsamic
CC(CCO)C1=CC=CC=C1,2,balsamic,floral,20,rose,floral,15,rose,floral
CC(CCCC(C)CO)CCC=C(C)C,2,balsamic,floral,21,balsamic,floral,38,balsamic,floral
CC(C)[C@@]12CC[C@]([C@@H]1C2)(C)O,2,balsamic,floral,29,balsamic,Balsamic,18,balsamic,Balsamic
COC1=CC=CC=C1/C=C/C(=O)O,2,balsamic,floral,29,balsamic,Balsamic,18,balsamic,Balsamic
CCCCCCCCOC(=O)C1=CC=CC=C1O,2,balsamic,floral,21,balsamic,floral,38,balsamic,floral
CC(=CCC/C(=C/C=C/C(=C/C=C/C(=C/C=C/C=C(/C=C/C=C(/C=C/C=C(/CCC=C(C)C)\C)\C)\C)/C)/C)/C)C,2,balsamic,floral,29,balsamic,Balsamic,18,balsamic,Balsamic
CC(C)C1=CC=C(C=C1)CC(C)COC(=O)C,2,balsamic,floral,21,balsamic,floral,38,balsamic,floral
CC(C)CC1=CC=C(C=C1)CCC=O,2,balsamic,floral,21,balsamic,floral,38,balsamic,floral
C1=CC=C(C=C1)C(=O)OCCOC2=CC=CC=C2,2,balsamic,floral,21,balsamic,floral,38,balsamic,floral
C1=CC=C(C=C1)COC(=O)C=CC2=CC=CC=C2,2,balsamic,floral,21,balsamic,floral,38,balsamic,floral
C1=CC=C(C=C1)C=CC2=CC=CC=C2,2,balsamic,floral,21,balsamic,floral,38,balsamic,floral
C1=CC=C(C=C1)CCC(=O)C2=CC=CC=C2,2,balsamic,floral,21,balsamic,floral,38,balsamic,floral
CCOCOCC=CC1=CC=CC=C1,2,balsamic,floral,21,balsamic,floral,38,balsamic,floral
COC1=CC=C(C=C1)COC(=O)C2=CC=CC=C2,2,balsamic,floral,21,balsamic,floral,38,balsamic,floral
C[C@@H]1CCC(=C(C)C)CC2=C1CC[C@H]2C,2,balsamic,floral,29,balsamic,Balsamic,18,balsamic,Balsamic
COC1=C(C=CC(=C1)C=O)O.COC(=O)C1=CC=CC=C1N,2,balsamic,floral,21,balsamic,floral,38,balsamic,floral
C1=CC(=CC2=C1C=CC(=O)O2)O,4,herbal,spicy,2,herbal,floral,42,herbal,spicy
CC(C)C1=CC=C(C=C1)CC(=O)O,4,herbal,spicy,2,herbal,floral,42,herbal,spicy
CC(=C1CC=C(C1)C(=O)C)C,4,herbal,spicy,2,herbal,floral,42,herbal,spicy
CC1=C[C@@H]([C@H](CC1)C(C)C)O,4,herbal,spicy,2,herbal,floral,42,herbal,spicy
CC(CC1=CC=C(C=C1)OC)S,4,herbal,spicy,2,herbal,floral,42,herbal,spicy
CCC1=C(C=NC=C1)C,4,herbal,spicy,2,herbal,floral,42,herbal,spicy
CC1CCC2C(C1=O)C2(C)C,4,herbal,spicy,2,herbal,floral,42,herbal,spicy
CC1CCC(=CC1)C(=O)C,4,herbal,spicy,2,herbal,floral,42,herbal,spicy
CCC(=O)OC1=C(C=CC(=C1)C)C(C)C,4,herbal,spicy,2,herbal,floral,42,herbal,spicy
CCC/C=C/1\C2=CC=CC=C2C(=O)O1,4,herbal,spicy,2,herbal,floral,42,herbal,spicy
CCCC=C1C2CC=CC=C2C(=O)O1,4,herbal,spicy,2,herbal,floral,42,herbal,spicy
CC1(C2C[C@@H](C(=C)C1C2)O)C,4,herbal,spicy,2,herbal,floral,42,herbal,spicy
COC1=CC(=O)OC2=CC=CC=C21,4,herbal,spicy,2,herbal,floral,42,herbal,spicy
CCCCCCCOC(=O)C1=CC=CC=C1O,4,herbal,spicy,2,herbal,floral,42,herbal,spicy
CCOC(=O)/C(=C\C)/C,4,herbal,spicy,2,herbal,floral,42,herbal,spicy
CC(=C)C1=CC=CC=C1,4,herbal,spicy,2,herbal,floral,42,herbal,spicy
CC(C)C1CCC(C=C1)(C)O,4,herbal,spicy,2,herbal,floral,42,herbal,spicy
C/C/1=C\CCC2([C@H](O2)CC(/C=C/C1)(C)C)C,4,herbal,spicy,2,herbal,floral,42,herbal,spicy
CC1=C[C@@H]([C@@H](CC1)C(C)C)O,4,herbal,spicy,2,herbal,floral,42,herbal,spicy
CC(C)C=C1C2=CC=CC=C2C(=O)O1,4,herbal,spicy,2,herbal,floral,42,herbal,spicy
CC(C)C(=CC1=CC=CC=C1)C=O,4,herbal,spicy,2,herbal,floral,42,herbal,spicy
COC1=CC=CC=C1C(=O)OOC,4,herbal,spicy,2,herbal,floral,42,herbal,spicy
C[N+](C)(C)CC(=O)[O-],5,bland,Bland,19,bland,Bland,17,bland,Bland
CCCCCCCCCCOC(=O)CCCCCCCCCCCCCCC(C)C,5,bland,Bland,19,bland,Bland,17,bland,Bland
CCCCCCCCCCCCCCOCCCOC(=O)CC,5,bland,Bland,19,bland,Bland,17,bland,Bland
CCCCCCCCCCCCCCCCOP(=O)(O)O,5,bland,Bland,19,bland,Bland,17,bland,Bland
CCCCCCCCCCCCCCCCOCCO,5,bland,Bland,19,bland,Bland,17,bland,Bland
CCCCCCCCCCCCCCCCCC(=O)O.C(C(CO)O)O,5,bland,Bland,19,bland,Bland,17,bland,Bland
CCCCCCCCC(CCC)OC(=O)C(CC(=O)[O-])S(=O)(=O)[O-].[Na+].[Na+],5,bland,Bland,19,bland,Bland,17,bland,Bland
CCC(COC(=O)CCCCCCCCCCCCCCC(C)C)(COC(=O)CCCCCCCCCCCCCCC(C)C)COC(=O)CCCCCCCCCCCCCCC(C)C,5,bland,Bland,19,bland,Bland,17,bland,Bland
CCCCCCCC/C=C\CCCCCCCCOCCO,5,bland,Bland,19,bland,Bland,17,bland,Bland
CCCCCCCCCCCCCCCCCCCCCC[N+](C)(C)CC1=CC=CC=C1.[Cl-],5,bland,Bland,19,bland,Bland,17,bland,Bland
CCCCCCCCCCCCCC(=O)OCC(CO)O,5,bland,Bland,19,bland,Bland,17,bland,Bland
CCCCCCCCCCCCCCCCCC(=O)NCCCN(C)C.CC(C(=O)O)O,5,bland,Bland,19,bland,Bland,17,bland,Bland
CCCCCCCCCCCCCCCC[N+](C)(C)C.[Cl-],5,bland,Bland,19,bland,Bland,17,bland,Bland
CCCCCCCCCCCCCCCCOP(=O)(O)OCCCCCCCCCCCCCCCC,5,bland,Bland,19,bland,Bland,17,bland,Bland
CCCCCCCCCC(=O)O.CCCCCCCC(=O)O.CC(CO)O,5,bland,Bland,19,bland,Bland,17,bland,Bland
CC(C(=O)[O-])OC1=CC=C(C=C1)OC.[Na+],5,bland,Bland,19,bland,Bland,17,bland,Bland
CC(C)CCCCCCCCCCCCCCC(=O)O.C([C@@H]([C@H]([C@@H](C(O)O)O)O)O)O,5,bland,Bland,19,bland,Bland,17,bland,Bland
CC1(C2CCC3(C(C2(CCC1OC4C(C(C(C(O4)C(=O)O)O)O)OC5C(C(C(C(O5)C(=O)O)O)O)O)C)C(=O)C=C6C3(CCC7(C6CC(CC7)(C)C(=O)O)C)C)C)C.N,5,bland,Bland,19,bland,Bland,17,bland,Bland
CC1C(C(C(C(O1)OCC2C(C(C(C(O2)OC3=CC(=C4C(=O)CC(OC4=C3)C5=CC=C(C=C5)O)O)O)O)O)O)O)O,5,bland,Bland,19,bland,Bland,17,bland,Bland
CCC(=O)[O-].CCC(=O)[O-].[Ca+2],5,bland,Bland,19,bland,Bland,17,bland,Bland
CC(C)CCCCCCCCCCCCCCC(=O)OC(C)C,5,bland,Bland,19,bland,Bland,17,bland,Bland
CC(=C)C(=O)OCC[N+](C)(C)C.[Cl-],5,bland,Bland,19,bland,Bland,17,bland,Bland
CCCCCCCCCCCCCCCCCC(=O)OCCCCCCCCCCCCCC(C)C,5,bland,Bland,19,bland,Bland,17,bland,Bland
CCCCCCCCCCCCCCCCCC(=O)O[C@@H]1[C@H]([C@@H]([C@H](O[C@]1([C@@]2([C@H]([C@@H]([C@H](O2)CO)O)O)CO)OC(=O)CCCCCCCCCCCCCCCCC)CO)O)O,5,bland,Bland,19,bland,Bland,17,bland,Bland
COC1=CC=C(C=C1)COC=O,6,Fragrant,Lemon,4,sweet,Fragrant,14,sweet,fruity
CC/C=C\CCOC(=O)C1=CC=CC=C1,6,Fragrant,Lemon,4,sweet,Fragrant,12,Aromatic,Fragrant
CCCCCC(C)O,6,Fragrant,Lemon,4,sweet,Fragrant,14,sweet,fruity
CC(=C)C1CCC(O1)(C)C=C,6,Fragrant,Lemon,4,sweet,Fragrant,12,Aromatic,Fragrant
CCC/C=C\CCCO,6,Fragrant,Lemon,4,sweet,Fragrant,12,Aromatic,Fragrant
CCC(=O)OC/C=C(\C)/CCC=C(C)C,7,sweet,fruity,28,Fragrant,Fruity,14,sweet,fruity
CC(=CCCC(C)(C=C)OC(=O)C)C,7,sweet,fruity,28,Fragrant,Fruity,14,sweet,fruity
C1CC(=O)CC=C1,8,ethereal,fruity,15,ethereal,oily,49,ethereal,oily
C(CC(=O)OCBr)C(=O)OCBr,8,ethereal,fruity,15,ethereal,oily,49,ethereal,oily
C1=CC=C(C=C1)CCOC(=O)C(=O)[O-],8,ethereal,fruity,15,ethereal,oily,49,ethereal,oily
C1COCCO1,8,ethereal,fruity,15,ethereal,oily,49,ethereal,oily
CC(C)OC(C)C,8,ethereal,fruity,15,ethereal,oily,49,ethereal,oily
CCCC(=O)C=CC,8,ethereal,fruity,15,ethereal,oily,49,ethereal,oily
CC(C)OC(=O)CCCCCCCCC(=O)OC(C)C,8,ethereal,fruity,15,ethereal,oily,49,ethereal,oily
C(Cl)(Cl)Cl,8,ethereal,fruity,15,ethereal,oily,49,ethereal,oily
CCOC(=O)OCCC1=CC=CC=C1,8,ethereal,fruity,15,ethereal,oily,49,ethereal,oily
CCOC=C,8,ethereal,fruity,15,ethereal,oily,49,ethereal,oily
COC1CCC(O1)OC,8,ethereal,fruity,15,ethereal,oily,49,ethereal,oily
CCOC(=O)CCl,8,ethereal,fruity,15,ethereal,oily,49,ethereal,oily
CCCOCOCCC,8,ethereal,fruity,15,ethereal,oily,49,ethereal,oily
CCOC(=O)OCC,8,ethereal,fruity,15,ethereal,oily,49,ethereal,oily
C1=CC=C(C=C1)CC(=O)[O-],9,sweet,honey,1,sweet,fruity,44,sweet,
CCCC(=O)CC(=O)[O-],9,sweet,honey,1,sweet,fruity,44,sweet,
CC1([C@@H]2CC[C@]3(C2)C(CCC3C1=C)CO)C,9,sweet,honey,1,sweet,fruity,44,sweet,
CC(=C)[C@H]1CC[C@@]([C@H](C1)C(=C)C)(C)C=C,9,sweet,honey,1,sweet,fruity,44,sweet,
C1=CC=C(C=C1)[C@@H](CO)O,9,sweet,honey,1,sweet,fruity,44,sweet,
C/C(=C\CCC1(C2CC3C1(C3C2)C)C)/C=O,9,sweet,honey,1,sweet,fruity,44,sweet,
C/C(=C/CC[C@@]1(C2CC3C1(C3C2)C)C)/CO,9,sweet,honey,1,sweet,fruity,44,sweet,
C/C(=C\CC[C@@]1([C@H]2CC[C@H](C2)C1=C)C)/CO,9,sweet,honey,1,sweet,fruity,44,sweet,
CC(=CCC[C@@]1(C2C[C@H]3C1([C@H]3C2)C)C)C,9,sweet,honey,1,sweet,fruity,44,sweet,
CC(C(C(=O)O)N)O,9,sweet,honey,1,sweet,fruity,44,sweet,
CC(=CCCC1(C2C[C@H]3C1([C@H]3C2)C)C)CO,9,sweet,honey,1,sweet,fruity,44,sweet,
CC1CCC(C1(C)C)CCCC(=O)O,9,sweet,honey,1,sweet,fruity,44,sweet,
CC1=CCC2[C@H](C1)C2(C)C,9,sweet,honey,1,sweet,fruity,44,sweet,
CC1=CCC[C@]2([C@H]1C[C@@H](CC2)C(C)(C)O)C,9,sweet,honey,1,sweet,fruity,44,sweet,
CC1=CCC[C@]2([C@H]1C[C@@H](CC2)C(=C)C)C,9,sweet,honey,1,sweet,fruity,44,sweet,
CCCCCCCCC=CCCCCCCCC(=O)OCC(CO)O,9,sweet,honey,1,sweet,fruity,44,sweet,
COC1=C(C=C(C=C1)C2CCC3=C(O2)C=C(C=C3)O)O,9,sweet,honey,1,sweet,fruity,44,sweet,
CN(C)CCC1=CC=CC=C1,9,sweet,honey,1,sweet,fruity,44,sweet,
COC1=CC2=C(C=C1)N=CC=C2,9,sweet,honey,1,sweet,fruity,44,sweet,
CCC(=O)C1=NCCS1,10,roasted,meaty,23,roasted,meaty,21,meaty,roasted
CCC(=O)C(C)S,10,roasted,meaty,23,roasted,meaty,21,meaty,roasted
CC(CC(=O)C)SCC1=CC=CO1,10,roasted,meaty,23,roasted,meaty,21,meaty,roasted
CC1=CCCC(C1CO)(C)C,11,floral,,6,floral,,13,floral,
CC1=CC2=C(C=C1)NC=C2,11,floral,,6,floral,,13,floral,
CC1=CC(=NC(=C1)C(C)(C)C)C(C)(C)C,11,floral,,6,floral,,13,floral,
CC(C)CC1=CC2=CC=CC=C2N1,11,floral,,6,floral,,13,floral,
CC(=CCC/C(=C\CC/C(=C\CO)/C)/C)C,11,floral,,6,floral,,13,floral,
CC(C)(CCCC1CCC(CC1)C=O)O,11,floral,,6,floral,,13,floral,
C1CCC(=CC=O)CC1,11,floral,,6,floral,,13,floral,
C1=CC(=CC=C1C=O)N=C=S,11,floral,,6,floral,,13,floral,
C1=CC=C(C=C1)CCC2=CC=CC=N2,11,floral,,6,floral,,13,floral,
C1=CC=C(C=C1)CC(OCC2=CC=CC=C2)OCC3=CC=CC=C3,11,floral,,6,floral,,13,floral,
C1=CC=C(C=C1)OC(=O)C2=CC=CC=C2N,11,floral,,6,floral,,13,floral,
CC(=O)OC(C1=CC(=C(C=C1)O)OC)OC(=O)C,11,floral,,6,floral,,13,floral,
CC(CCC=C(C)C)CC(OCCC1=CC=CC=C1)OCCC2=CC=CC=C2,11,floral,,6,floral,,13,floral,
CC(=CCC/C(=C\CC/C(=C/CO)/C)/C)C,11,floral,,6,floral,,13,floral,
CC(=O)OC(C1=CC2=C(C=C1)OCO2)OC(=O)C,11,floral,,6,floral,,13,floral,
CC1(C(O1)CCC(C)(C=C)O)C,11,floral,,6,floral,,13,floral,
CC1=NC=C(C=C1)C(=O)C,11,floral,,6,floral,,13,floral,
CC1C(OC(O1)C2=CC3=C(C=C2)OCO3)C,11,floral,,6,floral,,13,floral,
CCC(CC)COC(=O)COC1=CC=CC=C1,11,floral,,6,floral,,13,floral,
CC1=CC=C(C=C1)CC(=O)O,11,floral,,6,floral,,13,floral,
CC1=CC=C(C=C1)C(=O)C=CC2=CC=CC=C2,11,floral,,6,floral,,13,floral,
CCCCCOC(=O)C1=CC=C(C=C1)OC,11,floral,,6,floral,,13,floral,
CCCCCCCCCC(C)C=NC1=CC=CC=C1C(=O)OC,11,floral,,6,floral,,13,floral,
CCOCC.CC1=CC=C(C=C1)O,11,floral,,6,floral,,13,floral,
CC1OCCCCCO1,11,floral,,6,floral,,13,floral,
CCC1=C(NC=C1C)C,11,floral,,6,floral,,13,floral,
CC1C(C2=C(C1(C)C)C=C(C=C2)C3=NC=NC=C3)(C)C,11,floral,,6,floral,,13,floral,
COC1=CC=CC(=C1)/C=C/C=O,11,floral,,6,floral,,13,floral,
CCOCOCC1=CC=C(C=C1)OC,11,floral,,6,floral,,13,floral,
C[C@@H](C=O)C1=CC=CC=C1,11,floral,,6,floral,,13,floral,
C1=CC(=CC=C1C2=CC=C(C=C2)C(=O)O)C(=O)O,12,woody,Buildingmaterials&construction,14,woody,Buildingmaterials&construction,26,Buildingmaterials&construction,Grassy
CC(=CCCC1(C2CC3C1(C3C2)C)C)CO,12,woody,Buildingmaterials&construction,14,woody,Buildingmaterials&construction,26,Buildingmaterials&construction,Grassy
CC(CCC=C(C)C)CCOC(CC1=CC=CC=C1)OC,13,floral,green,20,rose,floral,15,rose,floral
CC(C)CCC(C)C(C)O,13,floral,green,20,rose,floral,15,rose,floral
CC(CCC=C(C)C)CCOC(=O)C=C(C)C,13,floral,green,20,rose,floral,15,rose,floral
